Predictor variable,Categorical,Sample average
Ert,false,0.4525659066639258
anom,false,0.7288853124471371
bathy,false,-4098.610826393337
sst,false,26.141543254571264
