Predictor variable,Categorical,Sample average
UD,false,0.10040597501492245
anom,false,0.7302844183642706
bathy,false,-4099.44263342921
sst,false,26.143556419292096
