Predictor variable,Categorical,Sample average
UD,false,0.08836365062763561
anom,false,0.5739072000566666
bathy,false,-4176.117071402682
sst,false,25.814530039749616
