Predictor variable,Categorical,Sample average
UD,false,0.08654904842326942
anom,false,0.5716527600507021
bathy,false,-4184.280536426241
sst,false,25.815044716934917
