Predictor variable,Categorical,Sample average
UD,false,0.0896975787652055
anom,false,0.5680166660822209
bathy,false,-4173.214648295867
sst,false,25.81101102047506
