Predictor variable,Categorical,Sample average
UD,false,0.08741157629312753
anom,false,0.5764878450441551
bathy,false,-4192.8528452337805
sst,false,25.819332505102043
