Predictor variable,Categorical,Sample average
UD,false,0.0889966415894761
anom,false,0.5711384933060973
bathy,false,-4180.395939086295
sst,false,25.812428706102047
