Predictor variable,Categorical,Sample average
UD,false,0.1006311005194402
anom,false,0.7288853124471371
bathy,false,-4098.610826393337
sst,false,26.141543254571264
