Predictor variable,Categorical,Sample average
UD,false,0.08733719701821328
anom,false,0.5677628588327156
bathy,false,-4185.866207396664
sst,false,25.811830449398226
