Predictor variable,Categorical,Sample average
UD,false,0.08871285480717837
anom,false,0.5707720060545537
bathy,false,-4184.74411018485
sst,false,25.814047980369022
