Predictor variable,Categorical,Sample average
UD,false,0.08844308465432926
anom,false,0.5710079638993852
bathy,false,-4183.059463379261
sst,false,25.812066130745315
