Predictor variable,Categorical,Sample average
D2C,false,106049.79405065236
anom,false,0.5710079638993852
bathy,false,-4183.059463379261
sst,false,25.812066130745315
