Predictor variable,Categorical,Sample average
D2C,false,106957.26534502141
anom,false,0.5716527600507021
bathy,false,-4184.280536426241
sst,false,25.815044716934917
