Predictor variable,Categorical,Sample average
D2C,false,106531.25175653803
anom,false,0.5712006397466335
bathy,false,-4182.2783034257745
sst,false,25.81312502476753
