Predictor variable,Categorical,Sample average
D2C,false,106692.47210016174
anom,false,0.5677628588327156
bathy,false,-4185.866207396664
sst,false,25.811830449398226
