Predictor variable,Categorical,Sample average
D2C,false,106230.41304930313
anom,false,0.5739072000566666
bathy,false,-4176.117071402682
sst,false,25.814530039749616
