Predictor variable,Categorical,Sample average
D2C,false,106753.88229625628
anom,false,0.5764878450441551
bathy,false,-4192.8528452337805
sst,false,25.819332505102043
