Predictor variable,Categorical,Sample average
D2C,false,106107.06578040728
anom,false,0.5680166660822209
bathy,false,-4173.214648295867
sst,false,25.81101102047506
