Predictor variable,Categorical,Sample average
D2C,false,106631.30894783358
anom,false,0.5711384933060973
bathy,false,-4180.395939086295
sst,false,25.812428706102047
