Predictor variable,Categorical,Sample average
D2C,false,106216.58226344464
anom,false,0.5707720060545537
bathy,false,-4184.74411018485
sst,false,25.814047980369022
