Predictor variable,Categorical,Sample average
D2C,false,104171.69923643055
anom,false,0.7288853124471371
bathy,false,-4098.610826393337
sst,false,26.141543254571264
