Predictor variable,Categorical,Sample average
D2C,false,104493.33069187797
anom,false,0.7302844183642706
bathy,false,-4099.44263342921
sst,false,26.143556419292096
