Predictor variable,Categorical,Sample average
D2C,false,106708.61730182754
anom,false,0.5687277873977343
bathy,false,-4180.476984414643
sst,false,25.80621181099516
