Predictor variable,Categorical,Sample average
D2C,false,106965.04010651541
anom,false,0.5725308064448339
bathy,false,-4181.772661348804
sst,false,25.81474560356555
