Predictor variable,Categorical,Sample average
Ert,false,0.6764101094368404
anom,false,0.5710079638993852
bathy,false,-4183.059463379261
sst,false,25.812066130745315
