Predictor variable,Categorical,Sample average
Ert,false,0.2540802933149599
anom,false,0.5712006397466335
bathy,false,-4182.2783034257745
sst,false,25.81312502476753
