Predictor variable,Categorical,Sample average
Ert,false,0.6600275676619151
anom,false,0.5711384933060973
bathy,false,-4180.395939086295
sst,false,25.812428706102047
