Predictor variable,Categorical,Sample average
Ert,false,0.6591585777178758
anom,false,0.5687277873977343
bathy,false,-4180.476984414643
sst,false,25.80621181099516
