Predictor variable,Categorical,Sample average
Ert,false,0.6694550673714403
anom,false,0.5677628588327156
bathy,false,-4185.866207396664
sst,false,25.811830449398226
