Predictor variable,Categorical,Sample average
Ert,false,0.6726075084788854
anom,false,0.5716527600507021
bathy,false,-4184.280536426241
sst,false,25.815044716934917
