Predictor variable,Categorical,Sample average
Ert,false,0.6584454852928279
anom,false,0.5725308064448339
bathy,false,-4181.772661348804
sst,false,25.81474560356555
