Predictor variable,Categorical,Sample average
Ert,false,0.6712061800076159
anom,false,0.5739072000566666
bathy,false,-4176.117071402682
sst,false,25.814530039749616
