Predictor variable,Categorical,Sample average
Ert,false,0.6595048511285374
anom,false,0.5764878450441551
bathy,false,-4192.8528452337805
sst,false,25.819332505102043
