Predictor variable,Categorical,Sample average
Ert,false,0.6661243621650145
anom,false,0.5707720060545537
bathy,false,-4184.74411018485
sst,false,25.814047980369022
